-- 000004_seed_vehicles.up.sql
-- Seed vehicles, GPS pings, routes, and device API keys for development

-- 20 vehicles (15 trucks, 5 vans)
INSERT INTO vehicles (id, name, type, status) VALUES
  ('a1000000-0000-0000-0000-000000000001', 'SC-T001 (Atlanta)',    'truck', 'active'),
  ('a1000000-0000-0000-0000-000000000002', 'SC-T002 (Atlanta)',    'truck', 'active'),
  ('a1000000-0000-0000-0000-000000000003', 'SC-T003 (Dallas)',     'truck', 'active'),
  ('a1000000-0000-0000-0000-000000000004', 'SC-T004 (Dallas)',     'truck', 'active'),
  ('a1000000-0000-0000-0000-000000000005', 'SC-T005 (Charlotte)',  'truck', 'active'),
  ('a1000000-0000-0000-0000-000000000006', 'SC-T006 (Nashville)',  'truck', 'active'),
  ('a1000000-0000-0000-0000-000000000007', 'SC-T007 (Houston)',    'truck', 'active'),
  ('a1000000-0000-0000-0000-000000000008', 'SC-T008 (Tampa)',      'truck', 'active'),
  ('a1000000-0000-0000-0000-000000000009', 'SC-T009 (Chicago)',    'truck', 'active'),
  ('a1000000-0000-0000-0000-000000000010', 'SC-T010 (Denver)',     'truck', 'active'),
  ('a1000000-0000-0000-0000-000000000011', 'SC-T011 (Phoenix)',    'truck', 'active'),
  ('a1000000-0000-0000-0000-000000000012', 'SC-T012 (Raleigh)',    'truck', 'active'),
  ('a1000000-0000-0000-0000-000000000013', 'SC-T013 (Orlando)',    'truck', 'active'),
  ('a1000000-0000-0000-0000-000000000014', 'SC-T014 (DC Metro)',   'truck', 'active'),
  ('a1000000-0000-0000-0000-000000000015', 'SC-T015 (Kansas City)','truck', 'active'),
  ('a1000000-0000-0000-0000-000000000016', 'SC-V001 (Atlanta)',    'van',   'active'),
  ('a1000000-0000-0000-0000-000000000017', 'SC-V002 (Dallas)',     'van',   'active'),
  ('a1000000-0000-0000-0000-000000000018', 'SC-V003 (Nashville)',  'van',   'active'),
  ('a1000000-0000-0000-0000-000000000019', 'SC-V004 (Charlotte)',  'van',   'active'),
  ('a1000000-0000-0000-0000-000000000020', 'SC-V005 (Houston)',    'van',   'active');

-- GPS pings — 5 pings per vehicle along realistic highway routes
-- T001: I-85 Atlanta→Charlotte corridor
INSERT INTO gps_pings (vehicle_id, lat, lng, heading, speed_mph, recorded_at) VALUES
  ('a1000000-0000-0000-0000-000000000001', 33.7490, -84.3880, 30, 62, now() - interval '20 min'),
  ('a1000000-0000-0000-0000-000000000001', 33.9200, -84.2100, 35, 65, now() - interval '15 min'),
  ('a1000000-0000-0000-0000-000000000001', 34.1700, -84.0500, 38, 58, now() - interval '10 min'),
  ('a1000000-0000-0000-0000-000000000001', 34.3800, -83.8200, 32, 70, now() - interval '5 min'),
  ('a1000000-0000-0000-0000-000000000001', 34.5600, -83.6500, 30, 67, now() - interval '1 min'),

-- T002: I-75 Atlanta→Macon
  ('a1000000-0000-0000-0000-000000000002', 33.7490, -84.3880, 180, 55, now() - interval '20 min'),
  ('a1000000-0000-0000-0000-000000000002', 33.5200, -84.3400, 178, 60, now() - interval '15 min'),
  ('a1000000-0000-0000-0000-000000000002', 33.3100, -84.2800, 175, 68, now() - interval '10 min'),
  ('a1000000-0000-0000-0000-000000000002', 33.1000, -84.1200, 172, 62, now() - interval '5 min'),
  ('a1000000-0000-0000-0000-000000000002', 32.8400, -83.6300, 160, 64, now() - interval '1 min'),

-- T003: I-35 Dallas→Austin
  ('a1000000-0000-0000-0000-000000000003', 32.7767, -96.7970, 200, 58, now() - interval '20 min'),
  ('a1000000-0000-0000-0000-000000000003', 32.4500, -97.0000, 195, 63, now() - interval '15 min'),
  ('a1000000-0000-0000-0000-000000000003', 31.9500, -97.1500, 190, 70, now() - interval '10 min'),
  ('a1000000-0000-0000-0000-000000000003', 31.5500, -97.1800, 185, 66, now() - interval '5 min'),
  ('a1000000-0000-0000-0000-000000000003', 31.0800, -97.3500, 195, 68, now() - interval '1 min'),

-- T004: I-30 Dallas→Little Rock
  ('a1000000-0000-0000-0000-000000000004', 32.7767, -96.7970, 60, 55, now() - interval '20 min'),
  ('a1000000-0000-0000-0000-000000000004', 32.9200, -96.3000, 62, 65, now() - interval '15 min'),
  ('a1000000-0000-0000-0000-000000000004', 33.1500, -95.6000, 58, 68, now() - interval '10 min'),
  ('a1000000-0000-0000-0000-000000000004', 33.4400, -94.8000, 55, 72, now() - interval '5 min'),
  ('a1000000-0000-0000-0000-000000000004', 33.6000, -94.1000, 52, 64, now() - interval '1 min'),

-- T005: I-85 Charlotte→Raleigh
  ('a1000000-0000-0000-0000-000000000005', 35.2271, -80.8431, 45, 60, now() - interval '20 min'),
  ('a1000000-0000-0000-0000-000000000005', 35.3800, -80.5500, 48, 63, now() - interval '15 min'),
  ('a1000000-0000-0000-0000-000000000005', 35.5000, -80.2500, 50, 67, now() - interval '10 min'),
  ('a1000000-0000-0000-0000-000000000005', 35.6500, -79.8500, 47, 65, now() - interval '5 min'),
  ('a1000000-0000-0000-0000-000000000005', 35.7796, -78.6382, 42, 62, now() - interval '1 min'),

-- T006: I-24 Nashville→Chattanooga
  ('a1000000-0000-0000-0000-000000000006', 36.1627, -86.7816, 140, 57, now() - interval '20 min'),
  ('a1000000-0000-0000-0000-000000000006', 35.9800, -86.5500, 138, 60, now() - interval '15 min'),
  ('a1000000-0000-0000-0000-000000000006', 35.7500, -86.2000, 135, 64, now() - interval '10 min'),
  ('a1000000-0000-0000-0000-000000000006', 35.4500, -85.7500, 130, 68, now() - interval '5 min'),
  ('a1000000-0000-0000-0000-000000000006', 35.0456, -85.3097, 125, 55, now() - interval '1 min'),

-- T007: I-10 Houston→San Antonio
  ('a1000000-0000-0000-0000-000000000007', 29.7604, -95.3698, 270, 60, now() - interval '20 min'),
  ('a1000000-0000-0000-0000-000000000007', 29.7200, -95.9000, 268, 65, now() - interval '15 min'),
  ('a1000000-0000-0000-0000-000000000007', 29.6800, -96.5000, 265, 70, now() - interval '10 min'),
  ('a1000000-0000-0000-0000-000000000007', 29.5500, -97.2000, 260, 68, now() - interval '5 min'),
  ('a1000000-0000-0000-0000-000000000007', 29.4241, -98.4936, 255, 62, now() - interval '1 min'),

-- T008: I-75 Tampa→Orlando
  ('a1000000-0000-0000-0000-000000000008', 27.9506, -82.4572, 20, 55, now() - interval '20 min'),
  ('a1000000-0000-0000-0000-000000000008', 28.1500, -82.3000, 22, 60, now() - interval '15 min'),
  ('a1000000-0000-0000-0000-000000000008', 28.3500, -82.1500, 25, 65, now() - interval '10 min'),
  ('a1000000-0000-0000-0000-000000000008', 28.4500, -81.8500, 30, 63, now() - interval '5 min'),
  ('a1000000-0000-0000-0000-000000000008', 28.5383, -81.3792, 35, 58, now() - interval '1 min'),

-- T009: I-65 Chicago→Indianapolis
  ('a1000000-0000-0000-0000-000000000009', 41.8781, -87.6298, 190, 50, now() - interval '20 min'),
  ('a1000000-0000-0000-0000-000000000009', 41.5200, -87.4500, 188, 62, now() - interval '15 min'),
  ('a1000000-0000-0000-0000-000000000009', 41.1000, -87.2000, 185, 68, now() - interval '10 min'),
  ('a1000000-0000-0000-0000-000000000009', 40.6000, -86.8000, 182, 70, now() - interval '5 min'),
  ('a1000000-0000-0000-0000-000000000009', 39.7684, -86.1581, 180, 65, now() - interval '1 min'),

-- T010: I-25 Denver→Colorado Springs
  ('a1000000-0000-0000-0000-000000000010', 39.7392, -104.9903, 180, 55, now() - interval '20 min'),
  ('a1000000-0000-0000-0000-000000000010', 39.5500, -104.8800, 178, 60, now() - interval '15 min'),
  ('a1000000-0000-0000-0000-000000000010', 39.3000, -104.8000, 175, 65, now() - interval '10 min'),
  ('a1000000-0000-0000-0000-000000000010', 39.0500, -104.7500, 172, 62, now() - interval '5 min'),
  ('a1000000-0000-0000-0000-000000000010', 38.8339, -104.8214, 170, 58, now() - interval '1 min'),

-- T011: I-10 Phoenix→Tucson
  ('a1000000-0000-0000-0000-000000000011', 33.4484, -112.0740, 140, 65, now() - interval '20 min'),
  ('a1000000-0000-0000-0000-000000000011', 33.2500, -111.7000, 138, 70, now() - interval '15 min'),
  ('a1000000-0000-0000-0000-000000000011', 33.0000, -111.3500, 135, 72, now() - interval '10 min'),
  ('a1000000-0000-0000-0000-000000000011', 32.6500, -111.0500, 130, 68, now() - interval '5 min'),
  ('a1000000-0000-0000-0000-000000000011', 32.2226, -110.9747, 125, 60, now() - interval '1 min'),

-- T012: I-40 Raleigh→Greensboro
  ('a1000000-0000-0000-0000-000000000012', 35.7796, -78.6382, 270, 58, now() - interval '20 min'),
  ('a1000000-0000-0000-0000-000000000012', 35.8200, -79.0000, 268, 62, now() - interval '15 min'),
  ('a1000000-0000-0000-0000-000000000012', 35.8800, -79.3500, 265, 65, now() - interval '10 min'),
  ('a1000000-0000-0000-0000-000000000012', 35.9200, -79.6500, 262, 60, now() - interval '5 min'),
  ('a1000000-0000-0000-0000-000000000012', 36.0726, -79.7920, 258, 55, now() - interval '1 min'),

-- T013: I-4 Orlando→Daytona
  ('a1000000-0000-0000-0000-000000000013', 28.5383, -81.3792, 45, 55, now() - interval '20 min'),
  ('a1000000-0000-0000-0000-000000000013', 28.6500, -81.2000, 48, 60, now() - interval '15 min'),
  ('a1000000-0000-0000-0000-000000000013', 28.8000, -81.0500, 50, 63, now() - interval '10 min'),
  ('a1000000-0000-0000-0000-000000000013', 29.0000, -81.2500, 52, 58, now() - interval '5 min'),
  ('a1000000-0000-0000-0000-000000000013', 29.2108, -81.0228, 48, 55, now() - interval '1 min'),

-- T014: I-95 DC→Baltimore
  ('a1000000-0000-0000-0000-000000000014', 38.9072, -77.0369, 30, 45, now() - interval '20 min'),
  ('a1000000-0000-0000-0000-000000000014', 39.0000, -76.9500, 32, 55, now() - interval '15 min'),
  ('a1000000-0000-0000-0000-000000000014', 39.1000, -76.8500, 34, 60, now() - interval '10 min'),
  ('a1000000-0000-0000-0000-000000000014', 39.2000, -76.7500, 30, 58, now() - interval '5 min'),
  ('a1000000-0000-0000-0000-000000000014', 39.2904, -76.6122, 28, 52, now() - interval '1 min'),

-- T015: I-35 Kansas City→Oklahoma City
  ('a1000000-0000-0000-0000-000000000015', 39.0997, -94.5786, 210, 60, now() - interval '20 min'),
  ('a1000000-0000-0000-0000-000000000015', 38.7500, -94.8000, 208, 65, now() - interval '15 min'),
  ('a1000000-0000-0000-0000-000000000015', 38.2000, -95.2000, 205, 70, now() - interval '10 min'),
  ('a1000000-0000-0000-0000-000000000015', 37.5000, -95.8000, 200, 68, now() - interval '5 min'),
  ('a1000000-0000-0000-0000-000000000015', 36.8000, -96.5000, 195, 65, now() - interval '1 min'),

-- V001-V005: Vans on shorter metro routes
  ('a1000000-0000-0000-0000-000000000016', 33.7800, -84.4100, 90, 35, now() - interval '20 min'),
  ('a1000000-0000-0000-0000-000000000016', 33.7700, -84.3800, 88, 30, now() - interval '15 min'),
  ('a1000000-0000-0000-0000-000000000016', 33.7600, -84.3500, 85, 32, now() - interval '10 min'),
  ('a1000000-0000-0000-0000-000000000016', 33.7500, -84.3200, 82, 28, now() - interval '5 min'),
  ('a1000000-0000-0000-0000-000000000016', 33.7400, -84.2900, 80, 30, now() - interval '1 min'),

  ('a1000000-0000-0000-0000-000000000017', 32.8000, -96.8200, 180, 30, now() - interval '20 min'),
  ('a1000000-0000-0000-0000-000000000017', 32.7900, -96.8100, 178, 28, now() - interval '15 min'),
  ('a1000000-0000-0000-0000-000000000017', 32.7800, -96.8000, 175, 32, now() - interval '10 min'),
  ('a1000000-0000-0000-0000-000000000017', 32.7700, -96.7900, 172, 30, now() - interval '5 min'),
  ('a1000000-0000-0000-0000-000000000017', 32.7600, -96.7800, 170, 28, now() - interval '1 min'),

  ('a1000000-0000-0000-0000-000000000018', 36.1800, -86.7600, 90, 25, now() - interval '20 min'),
  ('a1000000-0000-0000-0000-000000000018', 36.1700, -86.7400, 88, 28, now() - interval '15 min'),
  ('a1000000-0000-0000-0000-000000000018', 36.1600, -86.7200, 85, 30, now() - interval '10 min'),
  ('a1000000-0000-0000-0000-000000000018', 36.1500, -86.7000, 82, 26, now() - interval '5 min'),
  ('a1000000-0000-0000-0000-000000000018', 36.1400, -86.6800, 80, 28, now() - interval '1 min'),

  ('a1000000-0000-0000-0000-000000000019', 35.2400, -80.8200, 0, 30, now() - interval '20 min'),
  ('a1000000-0000-0000-0000-000000000019', 35.2500, -80.8100, 2, 28, now() - interval '15 min'),
  ('a1000000-0000-0000-0000-000000000019', 35.2600, -80.8000, 5, 32, now() - interval '10 min'),
  ('a1000000-0000-0000-0000-000000000019', 35.2700, -80.7900, 3, 26, now() - interval '5 min'),
  ('a1000000-0000-0000-0000-000000000019', 35.2800, -80.7800, 0, 30, now() - interval '1 min'),

  ('a1000000-0000-0000-0000-000000000020', 29.7700, -95.3500, 270, 25, now() - interval '20 min'),
  ('a1000000-0000-0000-0000-000000000020', 29.7650, -95.3700, 268, 28, now() - interval '15 min'),
  ('a1000000-0000-0000-0000-000000000020', 29.7600, -95.3900, 265, 30, now() - interval '10 min'),
  ('a1000000-0000-0000-0000-000000000020', 29.7550, -95.4100, 262, 26, now() - interval '5 min'),
  ('a1000000-0000-0000-0000-000000000020', 29.7500, -95.4300, 260, 28, now() - interval '1 min');

-- Vehicle routes — one in_progress route per vehicle using real location IDs from 000002
-- DCs: dc-atlanta, dc-conley, dc-cartersville, dc-mebane, dc-dallas, dc-elgin, dc-joliet, dc-lebanon, dc-fontana, dc-lakeland
-- Cities without a DC use restaurant location IDs (valid FK targets)
INSERT INTO vehicle_routes (vehicle_id, origin_id, destination_id, status, started_at, waypoints) VALUES
  -- T001: I-85 Atlanta → Charlotte
  ('a1000000-0000-0000-0000-000000000001', 'dc-atlanta', 'rest-clt-001', 'in_progress', now() - interval '2 hours',
   '[{"lat":33.749,"lng":-84.388},{"lat":34.56,"lng":-83.65},{"lat":35.227,"lng":-80.843}]'),
  -- T002: I-75 Atlanta → Macon (Conley DC direction)
  ('a1000000-0000-0000-0000-000000000002', 'dc-atlanta', 'dc-conley', 'in_progress', now() - interval '1 hour',
   '[{"lat":33.749,"lng":-84.388},{"lat":32.84,"lng":-83.63}]'),
  -- T003: I-35 Dallas → Austin (Elgin DC)
  ('a1000000-0000-0000-0000-000000000003', 'dc-dallas', 'dc-elgin', 'in_progress', now() - interval '3 hours',
   '[{"lat":32.777,"lng":-96.797},{"lat":31.08,"lng":-97.35},{"lat":30.267,"lng":-97.743}]'),
  -- T004: I-30 Dallas → Little Rock
  ('a1000000-0000-0000-0000-000000000004', 'dc-dallas', 'rest-se-012', 'in_progress', now() - interval '2 hours',
   '[{"lat":32.777,"lng":-96.797},{"lat":33.6,"lng":-94.1}]'),
  -- T005: I-85 Charlotte → Raleigh (Mebane DC)
  ('a1000000-0000-0000-0000-000000000005', 'rest-clt-001', 'dc-mebane', 'in_progress', now() - interval '1 hour',
   '[{"lat":35.227,"lng":-80.843},{"lat":35.78,"lng":-78.638}]'),
  -- T006: I-24 Nashville (Lebanon DC) → Atlanta
  ('a1000000-0000-0000-0000-000000000006', 'dc-lebanon', 'dc-atlanta', 'in_progress', now() - interval '2 hours',
   '[{"lat":36.163,"lng":-86.782},{"lat":35.046,"lng":-85.31},{"lat":33.749,"lng":-84.388}]'),
  -- T007: I-10 Houston → San Antonio → Dallas
  ('a1000000-0000-0000-0000-000000000007', 'rest-hou-001', 'dc-dallas', 'in_progress', now() - interval '3 hours',
   '[{"lat":29.76,"lng":-95.37},{"lat":29.424,"lng":-98.494},{"lat":32.777,"lng":-96.797}]'),
  -- T008: I-75 Tampa (Lakeland DC) → Orlando
  ('a1000000-0000-0000-0000-000000000008', 'dc-lakeland', 'rest-orl-001', 'in_progress', now() - interval '1 hour',
   '[{"lat":27.951,"lng":-82.457},{"lat":28.538,"lng":-81.379}]'),
  -- T009: I-65 Chicago (Joliet DC) → Indianapolis
  ('a1000000-0000-0000-0000-000000000009', 'dc-joliet', 'rest-mw-001', 'in_progress', now() - interval '3 hours',
   '[{"lat":41.878,"lng":-87.63},{"lat":39.768,"lng":-86.158}]'),
  -- T010: I-25 Denver → Colorado Springs
  ('a1000000-0000-0000-0000-000000000010', 'rest-w-001', 'rest-w-002', 'in_progress', now() - interval '1 hour',
   '[{"lat":39.739,"lng":-104.99},{"lat":38.834,"lng":-104.821}]'),
  -- T011: I-10 Phoenix → Tucson
  ('a1000000-0000-0000-0000-000000000011', 'rest-w-003', 'rest-w-007', 'in_progress', now() - interval '2 hours',
   '[{"lat":33.448,"lng":-112.074},{"lat":32.223,"lng":-110.975}]'),
  -- T012: I-40 Raleigh (Mebane DC) → Charlotte
  ('a1000000-0000-0000-0000-000000000012', 'dc-mebane', 'rest-clt-001', 'in_progress', now() - interval '2 hours',
   '[{"lat":35.78,"lng":-78.638},{"lat":36.073,"lng":-79.792},{"lat":35.227,"lng":-80.843}]'),
  -- T013: I-4 Orlando → Tampa (Lakeland DC)
  ('a1000000-0000-0000-0000-000000000013', 'rest-orl-001', 'dc-lakeland', 'in_progress', now() - interval '1 hour',
   '[{"lat":28.538,"lng":-81.379},{"lat":29.211,"lng":-81.023},{"lat":27.951,"lng":-82.457}]'),
  -- T014: I-95 DC → Baltimore
  ('a1000000-0000-0000-0000-000000000014', 'rest-ne-012', 'rest-ne-011', 'in_progress', now() - interval '1 hour',
   '[{"lat":38.907,"lng":-77.037},{"lat":39.29,"lng":-76.612}]'),
  -- T015: I-35 Kansas City → Dallas
  ('a1000000-0000-0000-0000-000000000015', 'rest-mw-007', 'dc-dallas', 'in_progress', now() - interval '4 hours',
   '[{"lat":39.1,"lng":-94.579},{"lat":36.8,"lng":-96.5},{"lat":32.777,"lng":-96.797}]'),
  -- V001: Local Atlanta metro (van)
  ('a1000000-0000-0000-0000-000000000016', 'dc-atlanta', 'dc-atlanta', 'in_progress', now() - interval '30 min', NULL),
  -- V002: Local Dallas metro (van)
  ('a1000000-0000-0000-0000-000000000017', 'dc-dallas', 'dc-dallas', 'in_progress', now() - interval '30 min', NULL),
  -- V003: Local Nashville metro (van)
  ('a1000000-0000-0000-0000-000000000018', 'dc-lebanon', 'dc-lebanon', 'in_progress', now() - interval '30 min', NULL),
  -- V004: Local Charlotte metro (van)
  ('a1000000-0000-0000-0000-000000000019', 'rest-clt-001', 'rest-clt-001', 'in_progress', now() - interval '30 min', NULL),
  -- V005: Local Houston metro (van)
  ('a1000000-0000-0000-0000-000000000020', 'rest-hou-001', 'rest-hou-001', 'in_progress', now() - interval '30 min', NULL);

-- Device API keys — one per vehicle
-- Dev key plaintext: "dev-key-{vehicle-number}" → SHA-256 hashed
-- For testing, use: curl -H "X-Device-API-Key: dev-key-001" ...
-- Hash of "dev-key-001" = b1e235... (placeholder hashes for dev)
INSERT INTO device_api_keys (vehicle_id, key_hash, label) VALUES
  ('a1000000-0000-0000-0000-000000000001', 'e3b0c44298fc1c149afbf4c8996fb92427ae41e4649b934ca495991b7852b855', 'dev-001'),
  ('a1000000-0000-0000-0000-000000000002', '6b86b273ff34fce19d6b804eff5a3f5747ada4eaa22f1d49c01e52ddb7875b4b', 'dev-002'),
  ('a1000000-0000-0000-0000-000000000003', 'd4735e3a265e16eee03f59718b9b5d03019c07d8b6c51f90da3a666eec13ab35', 'dev-003'),
  ('a1000000-0000-0000-0000-000000000004', '4e07408562bedb8b60ce05c1decfe3ad16b72230967de01f640b7e4729b49fce', 'dev-004'),
  ('a1000000-0000-0000-0000-000000000005', '4b227777d4dd1fc61c6f884f48641d02b4d121d3fd328cb08b5531fcacdbe514', 'dev-005'),
  ('a1000000-0000-0000-0000-000000000006', 'ef2d127de37b942baad06145e54b0c619a1f22327b2ebbcfbec78f5564afe39d', 'dev-006'),
  ('a1000000-0000-0000-0000-000000000007', 'e7f6c011776e8db7cd330b54174fd76f7d0216b612387a5ffcfb81e6f0919683', 'dev-007'),
  ('a1000000-0000-0000-0000-000000000008', '7902699be42c8a8e46fbbb4501726517e86b22c56a189f7625a6da49081b2451', 'dev-008'),
  ('a1000000-0000-0000-0000-000000000009', '2c624232cdd221771294dfbb310aca000a0df6ac8b166d38ef8c72c1bfa13d09', 'dev-009'),
  ('a1000000-0000-0000-0000-000000000010', '19581e27de7ced00ff1ce50b2047e7a567c76b1cbaebabe5ef03f7c3017bb5b7', 'dev-010'),
  ('a1000000-0000-0000-0000-000000000011', '4a44dc15364204a80fe80e9039455cc1608281820fe2b24f1e5233ade6af1dd5', 'dev-011'),
  ('a1000000-0000-0000-0000-000000000012', '4fc82b26aecb47d2868c4efbe3581732a3e7cbcc6c2efb32062c08170a05eeb8', 'dev-012'),
  ('a1000000-0000-0000-0000-000000000013', '5f16f4c7f149ac4f9510d9cf8cf384038ad348b3bcdc01915f95de12df9d1b02', 'dev-013'),
  ('a1000000-0000-0000-0000-000000000014', '6b51d431df5d7f141cbececcf79edf3dd861c3b4069f0b11661a3eefacbba918', 'dev-014'),
  ('a1000000-0000-0000-0000-000000000015', '3fdba35f04dc8c462986c992bcf875546257113072a909c162f7e470e581e278', 'dev-015'),
  ('a1000000-0000-0000-0000-000000000016', 'a9334987ece78b6fe8bf130ef00b74847c1d3da6b2fdf9d3e2fce56e19f0f0f0', 'dev-016'),
  ('a1000000-0000-0000-0000-000000000017', 'b10e2d527612073b26eecdfd717e6a320cf44b4afac2b0732d9fcbe2b7fa0cf6', 'dev-017'),
  ('a1000000-0000-0000-0000-000000000018', 'c6481e22c5ff4164af680b8cfaa5e8ed3120eeff89c4f307c4a6faaae059ce10', 'dev-018'),
  ('a1000000-0000-0000-0000-000000000019', 'd10b36aa74a59bcf4a88185837f658afaf3646eff2bb16c3928d0e9335e945d2', 'dev-019'),
  ('a1000000-0000-0000-0000-000000000020', 'e7cf46a078fed4fafd0b5e3aff144802b853f8ae459a4f0c14add3314b7cc3a6', 'dev-020');
